Apple 아이폰 13 256GB [자급제],"1,160,000원",https://cr.shopping.naver.com/adcr.nhn?x=N0ZtdHLydsfpqNB4sLdWl%2F%2F%2F%2Fw%3D%3DsiqqQQ%2Fbld9%2BU2Y%2BNiQgCiw1jA3w6Gfi0ALjFClBNF71WQE1WikGGRjsm7ORTamZ7VSrRUnei6QfBAyUugO2iWIiyyk5AwM1pxOboVlNByJkEegcoxqEcXvpvAxg6hGXfCGfN8E2b9O%2BbeMIyOmHvR0Pg%2F6PYJW9LpCSumzPJoiiI9aZyW4hhCgmcrsQhWGWG%2FjBmTqA4xW4sMIcltjwt3PKAXVfyDB1yTbVYYpYzcFnUHxlEatbmVq7jmztE%2FywsVYKJo5EA%2BjApf9FHYW%2BvXhQzz3qGgpH7pX7tmWlD7KIHs%2F2PHkpmvWjL2qy1nHubmIwzArpw%2Fznx%2Fl3Sgd0EMP0XnW5A1g%2FlzHOAA0DAxnRKjRp2D9pkBhcJdqPQCXkTJTyOtdpNmqs6E%2FnW3NDtTlNCrJpfkPGyKA93w5qrtIQLSv5SYzis5SVdiBAX6a8R%2FCOsDULMzhyS3tcNpyUq6M%2FFIf4yGPCeFlgQd%2BW1h9K7A%2F0vSPti8cHY4o2fastw5nGX4TfzRlG2ahGMx%2BrSFz%2B6oRRxoeanna8i40BaKGb6C0XXk8ySaOQ0OaLzzIxFJ6H5nCQ%2BODsgORUXkQ0RNOd30lIfwV34vX0DYx4jBbDLVWGr8fvvH1mWvUgXPK6j&nvMid=29029192591&catId=50001519
Apple 아이폰 13 프로 256GB [자급제],"1,394,770원",https://cr.shopping.naver.com/adcr.nhn?x=TVUWHbddTVVw32xlt3xX0f%2F%2F%2Fw%3D%3DsyrcGS2eT7HGOqQsfH9aYzzm1RE9z2b4yORVj9izZoH5hJz9H0Ub4KLvuVTVtNMxMgJn7WJ9VLXntUbuctsBTyfGqctIvWQSA3gldWvt1EmFUNQxod%2FNwKa4ShIzlskj%2Fr7Iqc62Ypz6tcX%2FoUEx5Gsi30QtKP1mA7BYZPpxeJLexWvZfe2todmJfmpbNrXnq6b4twwZe%2FXnN8SL9cd67Sbix7jXt7MNVc9AIu4EfDZlNEwRr%2B3STfYHGn%2FB5b3e4j15YmqrkJH1izJzW%2Bkex%2BAzO3dKjl0hJkT3ukMndhUkQhkkHXK4%2FmSRy5icYE%2F27ZC%2BSXUxwyLUckntucAABtZLXOm4EYNmfJU1Y38sOC0w6JIeyjRJJG8AQSjlBThBKRuaDR2LrEXFDwvTptY5wkZQ0kdVDVx78Dl8rIX%2F%2Fn%2B4iNvEAyH7XT6ObGe95mRdUsw%2FEBFoDxdMAZ4HSpGP%2F1rHmR2kvzsEsl54XiSgYGYgi5HSrzhhCOMWuXdZxvGXvk9L6rt0SOVsUsc5EylGdlR6ILAUgzeYQy2OAuYAlN3Z8UohkGWaulgjx49BLgf1OHONNxfChUzyWuEvqKDLzcg09F0b6yOjzKqa8byc7jRPHICEQpPL7Rm%2B2fyhjEhHR&nvMid=29030492586&catId=50001519
Apple 아이폰 13 프로 128GB [자급제],"1,237,030원",https://cr.shopping.naver.com/adcr.nhn?x=e2B4zUCes9HKc2zlUtna6f%2F%2F%2Fw%3D%3DsQedEx0SMV3UqTykwZq%2BV4XnWpOJyVLr7IPu%2FMHQ%2FUyRhJz9H0Ub4KLvuVTVtNMxMasj4sLMGODm9oYYkJz3LLPGqctIvWQSA3gldWvt1EmFUNQxod%2FNwKa4ShIzlskj%2Fr7Iqc62Ypz6tcX%2FoUEx5Gsi30QtKP1mA7BYZPpxeJLexWvZfe2todmJfmpbNrXnquNUGE%2F8E2Wl6h%2B8WEwxe9bix7jXt7MNVc9AIu4EfDZlNEwRr%2B3STfYHGn%2FB5b3e4j15YmqrkJH1izJzW%2Bkex%2BAzO3dKjl0hJkT3ukMndhUkQhkkHXK4%2FmSRy5icYE%2F27ZC%2BSXUxwyLUckntucAABtTp%2BaHDutZ%2BbS4sUMDf1Jjc6JIeyjRJJG8AQSjlBThBKRuaDR2LrEXFDwvTptY5wkfr86rd8M1jdgUjH1e%2FsDI8iNvEAyH7XT6ObGe95mRdUsw%2FEBFoDxdMAZ4HSpGP%2F1ik8f%2FiWvMO27Psyw5wH0mki5HSrzhhCOMWuXdZxvGXvk9L6rt0SOVsUsc5EylGdlb8nwp4jH4WMuIGFmMUobncMZsTzFyhrBgfQcZ%2Bn0tmM27A%2Fy9Wcz7EU72Pz6EEGPXNpzff%2BeXGLnwMeSdVknDbHICEQpPL7Rm%2B2fyhjEhHR&nvMid=29030420587&catId=50001519
Apple 아이폰 13 미니 128GB [자급제],"911,960원",https://cr.shopping.naver.com/adcr.nhn?x=vFglhhe2x3Djg%2BoBJc15A%2F%2F%2F%2Fw%3D%3DsK7juqgo7BnLfKr1G3D3u4NeRER6N3X5wiRptIyGSyb1hJz9H0Ub4KLvuVTVtNMxM8geMoWpWj14fS1Lz9bErzvGqctIvWQSA3gldWvt1EmFUNQxod%2FNwKa4ShIzlskj%2Fr7Iqc62Ypz6tcX%2FoUEx5Gsi30QtKP1mA7BYZPpxeJLexWvZfe2todmJfmpbNrXnq2drsUEzev9hA0cDt%2BuxFM7ix7jXt7MNVc9AIu4EfDZlNEwRr%2B3STfYHGn%2FB5b3e4j15YmqrkJH1izJzW%2Bkex%2BAzO3dKjl0hJkT3ukMndhUkQhkkHXK4%2FmSRy5icYE%2F27ZC%2BSXUxwyLUckntucAABtebXVWGeqwzV53PqeE9NZPM6JIeyjRJJG8AQSjlBThBKRuaDR2LrEXFDwvTptY5wkcYqO5oldvJYwA5gmzBmIm8iNvEAyH7XT6ObGe95mRdUsw%2FEBFoDxdMAZ4HSpGP%2F1rj13FcqfSWDfp5diy8RVZgi5HSrzhhCOMWuXdZxvGXvk9L6rt0SOVsUsc5EylGdlY3axfA5qyh57Q2sFpQLl8XvW2q1ZBpuV%2F%2FvtKUgTGHn4nsDwEYKXwYpA24uUoxbNp1ejoh2UhOoJF3NaGp1x8nNjqh%2FZemCCOboDhnweAmG&nvMid=29030650586&catId=50001519
Apple 아이폰 13 128GB [자급제],"1,053,050원",https://cr.shopping.naver.com/adcr.nhn?x=owDiNzR3COALFa3x%2BAOl6%2F%2F%2F%2Fw%3D%3DsUHS8IR8bnHxwbOmyHFNzqpDz1snn0JBRso%2FhkSrC2fdhJz9H0Ub4KLvuVTVtNMxM0Sii3FHP23JXw9GCe3Jr2PGqctIvWQSA3gldWvt1EmFUNQxod%2FNwKa4ShIzlskj%2Fr7Iqc62Ypz6tcX%2FoUEx5Gsi30QtKP1mA7BYZPpxeJLexWvZfe2todmJfmpbNrXnqNGdmVqT0qJ11casXr%2FJUjrix7jXt7MNVc9AIu4EfDZlNEwRr%2B3STfYHGn%2FB5b3e4j15YmqrkJH1izJzW%2Bkex%2BAzO3dKjl0hJkT3ukMndhUkQhkkHXK4%2FmSRy5icYE%2F27%2FhDyiXZ86Jo%2BZEQ64BV62XOUEdG5qMJgcoeqD1wuw2A6JIeyjRJJG8AQSjlBThBKRuaDR2LrEXFDwvTptY5wkYlqjdwzO%2FwaMzYHXwUxQCkiNvEAyH7XT6ObGe95mRdUsw%2FEBFoDxdMAZ4HSpGP%2F1pKTb8buH5c0P7SGbDtxloeE4FQdvRmo7oxOSvwywmchv2RrNvQoxhdtPAq%2B9LODbUsOWAVaNxlSTbPqrtml2dcRpOFzCbaM6OU97uoPifjrq5dLkNOZfHlvAKoN%2BvPAQloppd9c2MpiCRrywkHwMNEdHI8FZtQVGFZJxOyBDKc%2B&nvMid=29030374587&catId=50001519
Apple 아이폰 13 미니 256GB [자급제],"1,042,150원",https://cr.shopping.naver.com/adcr.nhn?x=7sKecoDAuO%2BLjI8j2jOw4v%2F%2F%2Fw%3D%3DsY6ckC5Uu6%2BTQIdFC%2Bdkf%2FMVf51U2qX53l%2F%2Bq644Q%2Fn1hJz9H0Ub4KLvuVTVtNMxMM0dedZgNZpjV8j9QD2onqfGqctIvWQSA3gldWvt1EmFUNQxod%2FNwKa4ShIzlskj%2Fr7Iqc62Ypz6tcX%2FoUEx5Gsi30QtKP1mA7BYZPpxeJLexWvZfe2todmJfmpbNrXnq057%2FmlbCMWUqQYtn8CmoI7ix7jXt7MNVc9AIu4EfDZlNEwRr%2B3STfYHGn%2FB5b3e4j15YmqrkJH1izJzW%2Bkex%2BAzO3dKjl0hJkT3ukMndhUkQhkkHXK4%2FmSRy5icYE%2F27ZC%2BSXUxwyLUckntucAABtRwUTfBYkwxqIyLxjiHgCvE6JIeyjRJJG8AQSjlBThBKRuaDR2LrEXFDwvTptY5wkW%2F%2BLA6NpGe0c8RBIr5JuBoiNvEAyH7XT6ObGe95mRdUsw%2FEBFoDxdMAZ4HSpGP%2F1jX5Qwkr%2BtGcg13ksRWU0xoi5HSrzhhCOMWuXdZxvGXvk9L6rt0SOVsUsc5EylGdlZiwSzaWmUQOXIfceQOoCFBRQ%2BSir7CWpZkTpmTiT5MaVbX%2BbO9eE5nQRgY3VKHCdnXCxuda%2BDZk33480%2FgaKLDHICEQpPL7Rm%2B2fyhjEhHR&nvMid=29030437590&catId=50001519
Apple 아이폰 13 프로 맥스 256GB [자급제],"1,548,500원",https://cr.shopping.naver.com/adcr.nhn?x=sJiD7a5RVQvX5C74Ls0C%2BP%2F%2F%2Fw%3D%3DsexCH1jOMqyY2zeHApvpHGlzA7FSP260QOi4y8iV9BnlWQE1WikGGRjsm7ORTamZ7Otm5WvqEXKh%2Bz%2FcI01Lh2Iiyyk5AwM1pxOboVlNByJkEegcoxqEcXvpvAxg6hGXfCGfN8E2b9O%2BbeMIyOmHvR0Pg%2F6PYJW9LpCSumzPJoiiI9aZyW4hhCgmcrsQhWGWGGRvm2iC%2BAsbJBoGpPZJZjPKAXVfyDB1yTbVYYpYzcFnUHxlEatbmVq7jmztE%2FywsVYKJo5EA%2BjApf9FHYW%2BvXhQzz3qGgpH7pX7tmWlD7KIHs%2F2PHkpmvWjL2qy1nHubOcgnnZMuFQXW6dplCC0GjIHt5wTnA%2BBNjuA5cnZuz%2BFKjRp2D9pkBhcJdqPQCXkTK1s3piY0W43aIWUe83IvQj7sbyFHJqYOcBbuxBSuRu0LSv5SYzis5SVdiBAX6a8RKlG0H56J6GhRAoCVIyo%2FGe1iJjqSOPOSdnx5b1oBHB4PVL%2B%2Frl5PLPXtI0kaP8PkmKdeEMdUbtmzDI4Aa7HQcZCzs9h0%2F04dxB3j756UcCrBcGVqkacaWr8hsRHhjPSPZsDrV4Wi1jcE30No0vsrfOrRkbul7Tx6UfcndB27S%2FoDfkLIyuldBS3f8m8e6nLmzUhNzs2VE%2B%2Bisqs3JAEppg%3D%3D&nvMid=29030294588&catId=50001519
Apple 아이폰 13 프로 512GB [자급제],"1,648,690원",https://cr.shopping.naver.com/adcr.nhn?x=IRqlGA4clKSXbSBnLDTOEf%2F%2F%2Fw%3D%3DsgcJv%2Bf7Pkm5Sz8ng5xA5DBGH7HNCtQboxkawfVJoc4AXfmlaZeQqomjdtI9e3qsmTSJJ%2BNJUT8GALEAJJfbQXtzid09u5mP4JDS9Cguw%2FbaiVbUOaDRPpg1MAcbXSeMMUs5nYilyCUFWaAdYIXM28cOmY27ZGze0Q%2BtXRlM4OxtFSICBvI1ATDFN58yC%2Fe2xOHxM1d1Gp9rB5wD7bF5a18dAmfSN83ChOoIPfneWzCavS7fnn7TEzbGYEdK0StlzAd6AbvolJOQV%2FfhthfwdRPziKuqi6lvlwe2gIVAf2UAlXTdy6Sn%2F2yromYu89VyUKyxXIES61%2FCUzDklLnJFh3Ryw3PiwYNfnuGRcqM7r8vYe9CsbWrnsboog%2B94RL%2FIoMx5FtgI%2FdkFjOJyFrUSfYRe7uHgyNF3WXsM9BHB6lpFx37WIyrziE4Ps6WrDu%2FET9Lvfhn9NmZebq06Rt58vdYrmhd6z3mr51lBlAzJFvLL%2FnGINkSYp%2Bd2xAAY7UDnMgw5RnrDtRIbB51H7ojD7YYUS7rFwFY%2BwwlFihhHKlticchwRNwmJ84TyxvjggzFDmCBZyZaEH02j9jNNZ3jlzIh7cwGTgOAcAGdxEBExFSCqA6%2BrrPkSkQjk3bFq%2FUy&nvMid=29030416587&catId=50001519
Apple 아이폰 13 프로 맥스 128GB [자급제],"1,445,300원",https://cr.shopping.naver.com/adcr.nhn?x=wynJPfgcP1OrBqPF5icmkP%2F%2F%2Fw%3D%3DsGHklVcuj4i7fAYnstc1Kf5vPbNDKQy49GVsjLByuHDpWQE1WikGGRjsm7ORTamZ7%2BULadEw2Cp%2B5wFLnz7MDwIiyyk5AwM1pxOboVlNByJkEegcoxqEcXvpvAxg6hGXfCGfN8E2b9O%2BbeMIyOmHvR0Pg%2F6PYJW9LpCSumzPJoiiI9aZyW4hhCgmcrsQhWGWGhHspihOVp8HjBCkc%2F5FPbvKAXVfyDB1yTbVYYpYzcFnUHxlEatbmVq7jmztE%2FywsVYKJo5EA%2BjApf9FHYW%2BvXhQzz3qGgpH7pX7tmWlD7KIHs%2F2PHkpmvWjL2qy1nHubuDKkU9p5Z8AY9gNf%2FV9UnLTxDf8GKh16q%2BMIhtTwxc1KjRp2D9pkBhcJdqPQCXkTTnW3yIF%2Bz51ob0Yyo7%2FKwZ6XZBt1xwiSG7aryhXnhA8LSv5SYzis5SVdiBAX6a8RKlG0H56J6GhRAoCVIyo%2FGUAVJpqBLiiByEqDGwZ5AOMPVL%2B%2Frl5PLPXtI0kaP8PkmKdeEMdUbtmzDI4Aa7HQcYTSWbb45WGOg3KSJ9f0heCBHnY4fSHCAmuXRv95%2FPBXehkzm6TPp1h0P2FevnkdLwQ7q3muey4txeLvIn18AD8DfkLIyuldBS3f8m8e6nLmzUhNzs2VE%2B%2Bisqs3JAEppg%3D%3D&nvMid=29030367587&catId=50001519
Apple 아이폰 13 프로 맥스 512GB [자급제],"1,814,970원",https://cr.shopping.naver.com/adcr.nhn?x=eFlWAb7fS23RNHiui7QRF%2F%2F%2F%2Fw%3D%3DsOEnV5Pf7SQ%2BRJnFT%2FDIK%2F23pfkS4x9wDIPjFjrZLfu4bsBKbbjTB%2BBCjsLv6tz%2BjZRS174HO2sWnBq%2F5KFZ6OqYpi0pXSy%2FREeQROnAou7P%2BVUSfskSlT3yGcJGABQe%2F1hahN2zl3kvkh28jOvtSgUgAn8lD2%2BxrgblrBqYwPdWug%2B9sjA7rHdeMLkY%2BwIMU8l8EUbQKNtJLHSrS0FW8ATQZD6UDT51Dg8nNb9lI8fV%2BFLPJmN7kd5F0maTGsL0cz7p8srw7BDOi8UqsB%2BelfCs3V6qlp4hnReM001CH7sWk6v2w9jBqMGR4TTsgYaQnlII%2ByYYqWVu3SSXxcjEJdK3BGKNabG9HUgIoB3sqpYJqLzcRVswO%2FNXTrA15l4GNbF4OZVL2Q%2FcwuxYvViSTh0PW%2F1Qu3fdG8b6mJnh5CWOcPfwzF9ktWcxdrcTtO8KUh7eRXhvx%2B18MP%2FzLgC0qJVOBpL3kKBeNwNuOk45o3IXWK5oXes95q%2BdZQZQMyRbyy%2F5xiDZEmKfndsQAGO1A59VMWqsMEQG0wHgPyYeD1ibXOgsCh2Jmw%2F%2Br2DuPKASGYnHIcETcJifOE8sb44IMxR%2BKLtzrbq6PGdy%2BggMQ2JtzeLiTldjXCmpiYVN1QmEvDhLBwu%2FFQS5xWYf5w6G3jQ%3D%3D&nvMid=29029192586&catId=50001519
Apple 아이폰 13 미니 512GB [자급제],"1,269,000원",https://cr.shopping.naver.com/adcr.nhn?x=6HYPos07cwhC1oq9Q6A0B%2F%2F%2F%2Fw%3D%3Ds%2FelX1vKApyL3Hk43v9bR4mW2vUDKwI1jcrwR%2F6VYJTlWQE1WikGGRjsm7ORTamZ7b7OFISyTryvUoVNpDdkpG4iyyk5AwM1pxOboVlNByJkEegcoxqEcXvpvAxg6hGXfCGfN8E2b9O%2BbeMIyOmHvR0Pg%2F6PYJW9LpCSumzPJoiiI9aZyW4hhCgmcrsQhWGWGRcIO%2FsSRKHMrPSPiMPM2BfKAXVfyDB1yTbVYYpYzcFnUHxlEatbmVq7jmztE%2FywsVYKJo5EA%2BjApf9FHYW%2BvXhQzz3qGgpH7pX7tmWlD7KIHs%2F2PHkpmvWjL2qy1nHubJFfy6w6nA%2FdE1lf4PQGHCtxXV9vgmgxlsJ8HwaO69GxKjRp2D9pkBhcJdqPQCXkTK1s3piY0W43aIWUe83IvQvcLTo9Sm7EMerUll4psYjoLSv5SYzis5SVdiBAX6a8Rg4OPtThFM2yPBsnrKnNGz%2Fw5EB9JIRzfzAZXoRSCXaiZZd0C6e2Zyps4U6T5DErBvcQeIaAGIIQRnJcrzv7qxXxchhj%2B6AUS%2FY5sAx7hpOKtqaMHAJkj0DAJXiYJNZCZxhegfePMjK3BMhIxNxb91GakR02kTh%2FIl16mFQYyrShoaKZHilHbuauHUigNM5KA&nvMid=29030296587&catId=50001519
Apple 아이폰 13 프로 1TB [자급제],"1,902,640원",https://cr.shopping.naver.com/adcr.nhn?x=COofWAxiTL25DGj%2BoCh1Q%2F%2F%2F%2Fw%3D%3DsVCedyLowCmmUXWvBG9hi5%2BFspVPYqX0t88YZymX8XhRhJz9H0Ub4KLvuVTVtNMxMkVUcwkpC1mEA7qeFBLowyPGqctIvWQSA3gldWvt1EmFUNQxod%2FNwKa4ShIzlskj%2Fr7Iqc62Ypz6tcX%2FoUEx5Gsi30QtKP1mA7BYZPpxeJLexWvZfe2todmJfmpbNrXnqM3WLqq0EN7lRPuVNhhc%2BTLix7jXt7MNVc9AIu4EfDZlNEwRr%2B3STfYHGn%2FB5b3e4j15YmqrkJH1izJzW%2Bkex%2BAzO3dKjl0hJkT3ukMndhUkQhkkHXK4%2FmSRy5icYE%2F27BW36r4QZshREfg%2B3vq7RNtnSYLenqPU2xkVRAG%2FPgBA6JIeyjRJJG8AQSjlBThBKRuaDR2LrEXFDwvTptY5wkVujK8JsjkX5vbThvszTSdkiNvEAyH7XT6ObGe95mRdUsw%2FEBFoDxdMAZ4HSpGP%2F1tWAoDzpqjivMYNewfUaVH5D%2FkFMO4s7sTx4sbc7XXXQvaOjGxMtdSZf0nL3LrxHbEqK%2B9%2FfATriFGBpUU13EutPwCXFJiRdosf3os3K%2FWn1nb1lbYdI12FzlP%2Fw61oRiIDFOxUOB9GceTuZSwYWaVrNjqh%2FZemCCOboDhnweAmG&nvMid=29029192588&catId=50001519
Apple 아이폰 13 미니 256GB [LG U+],"187,090원",https://cr.shopping.naver.com/adcr.nhn?x=nX7JGXDCE5W1efslUQ%2FmwP%2F%2F%2Fw%3D%3DsaUH7CJdmh4dPiKmL7KbUMI3mH0KOD4jhJMiKarmtxBRhJz9H0Ub4KLvuVTVtNMxMpxHveA8Mda6nKKxbcrnwdfGqctIvWQSA3gldWvt1EmFUNQxod%2FNwKa4ShIzlskj%2Fr7Iqc62Ypz6tcX%2FoUEx5Gsi30QtKP1mA7BYZPpxeJLexWvZfe2todmJfmpbNrXnq7r8%2BMjx%2B1KQXJkem2XwtE7ix7jXt7MNVc9AIu4EfDZlNEwRr%2B3STfYHGn%2FB5b3e4j15YmqrkJH1izJzW%2Bkex%2BAzO3dKjl0hJkT3ukMndhUkQhkkHXK4%2FmSRy5icYE%2F27BW36r4QZshREfg%2B3vq7RNmCOJBkMvwPohmE3pTzdgjk6JIeyjRJJG8AQSjlBThBK%2Fkpsg5AguUQPduruz0ll4a3%2Fx23xPmhbHRATBgnysoEiNvEAyH7XT6ObGe95mRdUsw%2FEBFoDxdMAZ4HSpGP%2F1rivoNgdpiF8zc9hyizKCS4OTnITeXUIiGAT3tHOc0GbTKo5CnlLrO%2BPacbML5XxET4osF8tnm9ntTAjdmSxZxSIDf9TYDOC4LzgCehLsur58dXyv3ZCMDDEWur3ZcC7ed9VTsPixXAj3CnAYq0zsV2FbDf4gHI5rSMJU1BWcIOg&nvMid=29030376589&catId=50000248
Apple 아이폰 13 512GB [자급제],"1,329,000원",https://cr.shopping.naver.com/adcr.nhn?x=d%2FkV1ycZXzYQCylCZfTUsP%2F%2F%2Fw%3D%3DspCEZW4D1BIizQoU%2BQHxRnB8Laif5FICMESjaw9m6tplhJz9H0Ub4KLvuVTVtNMxM%2BwjlbFz9JWshHT5V28cnv%2FGqctIvWQSA3gldWvt1EmFUNQxod%2FNwKa4ShIzlskj%2Fr7Iqc62Ypz6tcX%2FoUEx5Gsi30QtKP1mA7BYZPpxeJLexWvZfe2todmJfmpbNrXnqMp%2F9XPfjTZN93E2a1T98erix7jXt7MNVc9AIu4EfDZlNEwRr%2B3STfYHGn%2FB5b3e4j15YmqrkJH1izJzW%2Bkex%2BAzO3dKjl0hJkT3ukMndhUkQhkkHXK4%2FmSRy5icYE%2F27BW36r4QZshREfg%2B3vq7RNvzqpatMDY2o%2Bl9zGTOvqxE6JIeyjRJJG8AQSjlBThBKRuaDR2LrEXFDwvTptY5wkfwoLUR5VhRAPjINR4zOtXoiNvEAyH7XT6ObGe95mRdUsw%2FEBFoDxdMAZ4HSpGP%2F1lZ%2FIaG84qELmyiDCU5aC6qE4FQdvRmo7oxOSvwywmchwab2ymTI6osxemUeeS5O83wQbHmSsWWnGyRhw%2FH1DVQRpOFzCbaM6OU97uoPifjrjB2TFxtLSa9%2BHM7mT6ARuR4l%2BYq6B3O%2BuJwtXfS6j2WCqA6%2BrrPkSkQjk3bFq%2FUy&nvMid=29030496586&catId=50001519
Apple 아이폰 13 프로 맥스 1TB [자급제],"2,070,350원",https://cr.shopping.naver.com/adcr.nhn?x=SeHsm4YSN3g%2B9F7tuOGWn%2F%2F%2F%2Fw%3D%3DsLNgYdRu0rk77%2FlzFdOWOsQuX6oWQiFTlb7IMI3kmq0RWQE1WikGGRjsm7ORTamZ7vcOofR9ixfNfE2FFocmY7oiyyk5AwM1pxOboVlNByJkEegcoxqEcXvpvAxg6hGXfCGfN8E2b9O%2BbeMIyOmHvR0Pg%2F6PYJW9LpCSumzPJoiiI9aZyW4hhCgmcrsQhWGWGqB%2BYf8KVu5Lizs8e93TFS%2FKAXVfyDB1yTbVYYpYzcFnUHxlEatbmVq7jmztE%2FywsVYKJo5EA%2BjApf9FHYW%2BvXhQzz3qGgpH7pX7tmWlD7KIHs%2F2PHkpmvWjL2qy1nHubO0kucOkG14NqewrTOmoGyZEm1sZa%2FgI9RMM7kH4WtlVKjRp2D9pkBhcJdqPQCXkTJTyOtdpNmqs6E%2FnW3NDtTp%2B%2BVhvuuFDPvui3JKbA2YYLSv5SYzis5SVdiBAX6a8RKlG0H56J6GhRAoCVIyo%2FGYbfiYx3dBtkHHcpo4O536TlE80KNwbfNxekQsGJejRksTXhzeKkynwlV5iG42bUw57HxZtcAcOY7ZJHBObF37elP%2FXjvReq4CeKYdJC49ELa4mJBeKQVvWEWsuXyfvDHB1%2Bd9nCg%2Fxv5Jn1vn8XQulWhZ3SMHTcLlpircdRzUgq1JIslBmdxaTx7xO1%2BPPoWw%3D%3D&nvMid=29029192590&catId=50001519
Apple 아이폰 13 미니 128GB [LG U+],"95,430원",https://cr.shopping.naver.com/adcr.nhn?x=2TMqC48ph9gNp%2B9fovMxGf%2F%2F%2Fw%3D%3DsMhXK23DF0iuuBHiXOYCzwZ9Wo0tz2ROQu2ntOunKwYwbsBKbbjTB%2BBCjsLv6tz%2Bjunmc62WtMUQNTYCC95r3798NBIZ7GS82Grj3GdQi7H%2F%2BVUSfskSlT3yGcJGABQe%2F1hahN2zl3kvkh28jOvtSgUgAn8lD2%2BxrgblrBqYwPdWug%2B9sjA7rHdeMLkY%2BwIMU7xzpl%2BlOYhq%2F8o1%2FuLVZdjQZD6UDT51Dg8nNb9lI8fV%2BFLPJmN7kd5F0maTGsL0cz7p8srw7BDOi8UqsB%2BelfCs3V6qlp4hnReM001CH7sWk6v2w9jBqMGR4TTsgYaQnlII%2ByYYqWVu3SSXxcjEJdCR7%2Fhy8C5cXNAWC2fTvl6NqLzcRVswO%2FNXTrA15l4GNYd6P7bKnf6IN9iERvhRLC20dDnOIfR1s4DQoYd1bS26cPfwzF9ktWcxdrcTtO8KUh7eRXhvx%2B18MP%2FzLgC0qJUfTmu80PPs%2FMBPhnIzy5qsHyKwMIinsXLRIwPAEQA4X2UjohpK7sZyY83SOIj%2FwoIFx1fKHK3cI1H0ga3Im0lGtqaMHAJkj0DAJXiYJNZCZINK%2FB0lk1v5owyGMq2tZlM3A66tMo0yYhYlkZWO371JoaKZHilHbuauHUigNM5KA&nvMid=29030431586&catId=50000248
Apple 아이폰 13 프로 128GB [LG U+],"789,690원",https://cr.shopping.naver.com/adcr.nhn?x=8%2FPmtNfj%2BXoG%2BlmFrdJSvv%2F%2F%2Fw%3D%3DsroaNYgGwI7w%2BA9jN1%2B2vdJjyUG7ePLjwKJ%2B90KUkYxUbsBKbbjTB%2BBCjsLv6tz%2BjpAKx8SFI8zkq5O4ksLg8vHJM906FnUa%2B26LtM7OyvGP%2BVUSfskSlT3yGcJGABQe%2F1hahN2zl3kvkh28jOvtSgUgAn8lD2%2BxrgblrBqYwPdWug%2B9sjA7rHdeMLkY%2BwIMUAcBTqEozy4pkQ0spRQIsFTQZD6UDT51Dg8nNb9lI8fV%2BFLPJmN7kd5F0maTGsL0cz7p8srw7BDOi8UqsB%2BelfCs3V6qlp4hnReM001CH7sWk6v2w9jBqMGR4TTsgYaQnlII%2ByYYqWVu3SSXxcjEJdOI3%2BUbNdaTZ6MU3sOX0p2pqLzcRVswO%2FNXTrA15l4GNYd6P7bKnf6IN9iERvhRLCxdWgXBLtZ4vptqts7yqaGucPfwzF9ktWcxdrcTtO8KUh7eRXhvx%2B18MP%2FzLgC0qJRZQL3TdB6ucCZA%2FS9JD78IHyKwMIinsXLRIwPAEQA4X2UjohpK7sZyY83SOIj%2FwoOLT6oBdlv3I8JnL15YixftPwCXFJiRdosf3os3K%2FWn1xDzlansmHapOvB1YrwpF9beBkrJ%2BwUyJ%2FiIY4URy4b3Njqh%2FZemCCOboDhnweAmG&nvMid=29030175590&catId=50000248
Apple 아이폰 13 프로 256GB [LG U+],"869,090원",https://cr.shopping.naver.com/adcr.nhn?x=o9c1PjL%2Fr4DBL5kePhrS%2Bv%2F%2F%2Fw%3D%3Dsx49VueaBqEbDq5gRGvwb4t0XqIuRjYHucEOMUdsO7xphJz9H0Ub4KLvuVTVtNMxMXuijV%2FEZk4YwjjJ6YWQFgfGqctIvWQSA3gldWvt1EmFUNQxod%2FNwKa4ShIzlskj%2Fr7Iqc62Ypz6tcX%2FoUEx5Gsi30QtKP1mA7BYZPpxeJLexWvZfe2todmJfmpbNrXnqiHryMIa0vOlFa0dwxiKn27ix7jXt7MNVc9AIu4EfDZlNEwRr%2B3STfYHGn%2FB5b3e4j15YmqrkJH1izJzW%2Bkex%2BAzO3dKjl0hJkT3ukMndhUkQhkkHXK4%2FmSRy5icYE%2F27BW36r4QZshREfg%2B3vq7RNlihY7tDt8nMc2%2F6PycVFfc6JIeyjRJJG8AQSjlBThBK%2Fkpsg5AguUQPduruz0ll4U0XXTojhdLODzwtmoPUyrAiNvEAyH7XT6ObGe95mRdUsw%2FEBFoDxdMAZ4HSpGP%2F1pTaU0MQMI4zwIlxH90%2Fo7QOTnITeXUIiGAT3tHOc0GbTKo5CnlLrO%2BPacbML5XxEetn8NuuWrLpyNLTJZ9hcSmIDf9TYDOC4LzgCehLsur5hJnixZinkZVkiRK12xPx7Qzv%2F9KWmPuSo5Z62J54WmgOEsHC78VBLnFZh%2FnDobeN&nvMid=29030415586&catId=50000248
Apple 아이폰 13 128GB [LG U+],"256,790원",https://cr.shopping.naver.com/adcr.nhn?x=YFyCh3MeIfYZbUa75HhYBP%2F%2F%2Fw%3D%3Ds81Nj0gftz%2BXnEuj3wxf2PJQk3EJrlHFDQW5hKxcFLFYbsBKbbjTB%2BBCjsLv6tz%2Bja2cO0y%2B3MgkTK2tiLryE%2BeBLQrSehGOwlqCEu3UP%2Byv%2BVUSfskSlT3yGcJGABQe%2F1hahN2zl3kvkh28jOvtSgUgAn8lD2%2BxrgblrBqYwPdWug%2B9sjA7rHdeMLkY%2BwIMUFmk%2BqOAYZ5fpO5tbZSUWBjQZD6UDT51Dg8nNb9lI8fV%2BFLPJmN7kd5F0maTGsL0cz7p8srw7BDOi8UqsB%2BelfCs3V6qlp4hnReM001CH7sWk6v2w9jBqMGR4TTsgYaQnlII%2ByYYqWVu3SSXxcjEJdLKS0d%2FgnamCbcYCVgqfu8dqLzcRVswO%2FNXTrA15l4GNYd6P7bKnf6IN9iERvhRLC%2B1%2BegWRMkn%2FU8kc%2FUgriKecPfwzF9ktWcxdrcTtO8KUh7eRXhvx%2B18MP%2FzLgC0qJVMHs527vJHdFHIIKW%2Bc742jriJ8H0NV5nx9%2BVr0aUV2SYMM9uRdBnQAiewpLktug4D8djHd5yIISGNF9gCiLBCOv%2B%2BG7P8zZs54SDuTec41bYVa848VQ6ibntOW7q5eqm2NXhu5wGdCIJJuxZmMqZNB0CIl3BeKsFF2drF%2B%2BsFv&nvMid=29030372586&catId=50000248
Apple 아이폰 13 미니 512GB [LG U+],"478,980원",https://cr.shopping.naver.com/adcr.nhn?x=hnDMl5XQhCRRFSYfLXDBwv%2F%2F%2Fw%3D%3DsQFGf%2B7TILXs8Z%2FtsQu9XiqSKs919vT541MGbrdSNM%2FkXfmlaZeQqomjdtI9e3qsm1wm5WjIxdXS3HlOGw%2BMGY9zid09u5mP4JDS9Cguw%2FbaiVbUOaDRPpg1MAcbXSeMMUs5nYilyCUFWaAdYIXM28cOmY27ZGze0Q%2BtXRlM4OxtFSICBvI1ATDFN58yC%2Fe2xwjOdNdK32Zh7ejl4p1zU78dAmfSN83ChOoIPfneWzCavS7fnn7TEzbGYEdK0StlzAd6AbvolJOQV%2FfhthfwdRPziKuqi6lvlwe2gIVAf2UAlXTdy6Sn%2F2yromYu89VyUDoeJoK0N4UcWR2eehovOjqaiQU3OAm%2BnZFsPhb7JkpXlp1VU53fqxlKTBT%2Bu6wKC4G5Q6KKxRauAQl%2F4z4FU5IPk2vryFU100lCcPyTJO%2BBFx37WIyrziE4Ps6WrDu%2FEC%2BPCK4hWZVak%2FmlGHuf2bFIW%2BY6dtkO5I2VlccU6I9W7A%2F0vSPti8cHY4o2fastwTycQASzesqBc71TANuxPl9GqA5h%2FBV7hWgCdTl5bk5m%2FhgaMkJIhbUi8HFdPXAb3Mx1XMYpVOV%2FglJ3oZtCbP2O0QScdmj79W4Ike%2ByYeOsNUJgJp6CUXauCvW7Y5AjN&nvMid=29030419586&catId=50000248
Apple 아이폰 13 프로 맥스 256GB [LG U+],"1,001,080원",https://cr.shopping.naver.com/adcr.nhn?x=Hce2y0%2FDp1dz6n%2Fk8DMps%2F%2F%2F%2Fw%3D%3Dsi0re1tdgyuO7M%2BTU7R97IEF5HjqUyomvJUqKuDaMxcBhJz9H0Ub4KLvuVTVtNMxM7bPPIX1emV%2Bclp3KxzfTOfGqctIvWQSA3gldWvt1EmFUNQxod%2FNwKa4ShIzlskj%2Fr7Iqc62Ypz6tcX%2FoUEx5Gsi30QtKP1mA7BYZPpxeJLexWvZfe2todmJfmpbNrXnqXLTN90WNo2bfYUnKxvyYpLix7jXt7MNVc9AIu4EfDZlNEwRr%2B3STfYHGn%2FB5b3e4j15YmqrkJH1izJzW%2Bkex%2BAzO3dKjl0hJkT3ukMndhUkQhkkHXK4%2FmSRy5icYE%2F27ZC%2BSXUxwyLUckntucAABtZQizuoTkkP1FQcSoyxmuFg6JIeyjRJJG8AQSjlBThBK%2Fkpsg5AguUQPduruz0ll4Y%2FskBRmN3i8oAU582f4wewiNvEAyH7XT6ObGe95mRdUsw%2FEBFoDxdMAZ4HSpGP%2F1tL2yaoxAGlqznjSfaC69RlPJ5Cu9OOR3XG14JdkLoZkQbJE2qH6sAOiEA%2FCWTmW%2BxhrOT0h5cljV4x75Y7cKHaBUvM0B8UOkvRUKa2FBaoecABm3n1fOC7tYFqa%2BKBK7cHm6%2F0kBg604j%2Bn9Rosq%2FUDfkLIyuldBS3f8m8e6nLmzUhNzs2VE%2B%2Bisqs3JAEppg%3D%3D&nvMid=29030190586&catId=50000248
Apple 아이폰 13 256GB [LG U+],"378,090원",https://cr.shopping.naver.com/adcr.nhn?x=6322i3Yp4m77bAEIafr1wP%2F%2F%2Fw%3D%3Dsai7R%2BgweeztGHOxA2%2F%2BavU7u%2FyvnkSqknLcfFQnqEUcbsBKbbjTB%2BBCjsLv6tz%2BjH9vYLwxokgNhpLUaaPy66ZIBlOEfaEz9CBuCOTgQWzv%2BVUSfskSlT3yGcJGABQe%2F1hahN2zl3kvkh28jOvtSgUgAn8lD2%2BxrgblrBqYwPdWug%2B9sjA7rHdeMLkY%2BwIMUOYQbPHRk7gx3HlPTUxI7DDQZD6UDT51Dg8nNb9lI8fV%2BFLPJmN7kd5F0maTGsL0cz7p8srw7BDOi8UqsB%2BelfCs3V6qlp4hnReM001CH7sWk6v2w9jBqMGR4TTsgYaQnlII%2ByYYqWVu3SSXxcjEJdGwg3%2BQ4twh%2BYHkVBbk4O2JqLzcRVswO%2FNXTrA15l4GNYd6P7bKnf6IN9iERvhRLC77sdkQ4DmTUJgen0kxOlpWcPfwzF9ktWcxdrcTtO8KUh7eRXhvx%2B18MP%2FzLgC0qJcdWWgEDuL%2FQAYpLPjAa5fOjriJ8H0NV5nx9%2BVr0aUV2TWXsNvQGeQejET7ba8wE%2BdDS3d%2FhnPNSXFtfe3fceKmOv%2B%2BG7P8zZs54SDuTec41UIqq6%2FKWLU011nsOErgptvRRs2Tl2LVXyNQxua0eKL8GruH08DlKshetxY8KUEZb&nvMid=29030189588&catId=50000248
Apple 아이폰 13 프로 맥스 128GB [LG U+],"869,080원",https://cr.shopping.naver.com/adcr.nhn?x=%2B88HiSm1ZIPBQ5lY2IaWDv%2F%2F%2Fw%3D%3DsPTgzLbVzVt84RedB7hNEAQ1qmYSnMO2uQPH9%2Bx9L11NWQE1WikGGRjsm7ORTamZ7207YTJwfBFCpmgQoXji2BYiyyk5AwM1pxOboVlNByJkEegcoxqEcXvpvAxg6hGXfCGfN8E2b9O%2BbeMIyOmHvR0Pg%2F6PYJW9LpCSumzPJoiiI9aZyW4hhCgmcrsQhWGWGxThvsaGr%2Fa3dcgYtXiYoe%2FKAXVfyDB1yTbVYYpYzcFnUHxlEatbmVq7jmztE%2FywsVYKJo5EA%2BjApf9FHYW%2BvXhQzz3qGgpH7pX7tmWlD7KIHs%2F2PHkpmvWjL2qy1nHubQY4qk%2FHDnCpgFeUCvIf66X5YbxyOJkopQZhkw3QycfRKjRp2D9pkBhcJdqPQCXkTTnUIgeH15izfpnv9piWPIQbIQr%2FSgPcL0kcRLxBd%2Fs0LSv5SYzis5SVdiBAX6a8RKlG0H56J6GhRAoCVIyo%2FGUAVJpqBLiiByEqDGwZ5AOPpLKfV7lHXkGfYNhWiUOPtINRw1QNF%2FOPJXb5%2B358LYP%2B1SWO0j6Tbms89jivS5hLvW2q1ZBpuV%2F%2FvtKUgTGHncrgqznHMlepOsBrcyCOp4t1MidWnav3%2FRYHgGvr74hXHICEQpPL7Rm%2B2fyhjEhHR&nvMid=29030352586&catId=50000248
Apple 아이폰 13 프로 512GB [LG U+],"1,018,980원",https://cr.shopping.naver.com/adcr.nhn?x=viB77uVaCSqoFAzWGRwXZP%2F%2F%2Fw%3D%3Ds0JOzA0LyEoOIEIR7Lxu0T8gHVSN6BX05zAcuETeYbRthJz9H0Ub4KLvuVTVtNMxMZg4evTQZ3Bzye%2FdaeID1P%2FGqctIvWQSA3gldWvt1EmFUNQxod%2FNwKa4ShIzlskj%2Fr7Iqc62Ypz6tcX%2FoUEx5Gsi30QtKP1mA7BYZPpxeJLexWvZfe2todmJfmpbNrXnqIsGCGgJXjOrApw75v82D8rix7jXt7MNVc9AIu4EfDZlNEwRr%2B3STfYHGn%2FB5b3e4j15YmqrkJH1izJzW%2Bkex%2BAzO3dKjl0hJkT3ukMndhUkQhkkHXK4%2FmSRy5icYE%2F27ZC%2BSXUxwyLUckntucAABtSoTDsz1s3bi%2FdhikM%2Bu2B86JIeyjRJJG8AQSjlBThBK%2Fkpsg5AguUQPduruz0ll4Y%2FLFNn3CgktFAHLJkCBRg0iNvEAyH7XT6ObGe95mRdUsw%2FEBFoDxdMAZ4HSpGP%2F1v1aZqv48E5V7I5kN9w%2BLZIOTnITeXUIiGAT3tHOc0GbTKo5CnlLrO%2BPacbML5XxESGKz9k759xn%2Bq8xpEDF8W8NauEcRynSn%2F8orOK7nc90bLiuyug324KKrT72aSbDS9P9c6sUKfgMsUALDEFv4YbLVWGr8fvvH1mWvUgXPK6j&nvMid=29030295586&catId=50000248
Apple 아이폰 13 프로 맥스 512GB [LG U+],"1,284,080원",https://cr.shopping.naver.com/adcr.nhn?x=h9D6wY2WuTCSuUHDqQSoZf%2F%2F%2Fw%3D%3DsaCQqVd2Fxeydkq2RDZJnq1m9IwPA47E6a5IEZUpBW%2BAbsBKbbjTB%2BBCjsLv6tz%2BjmY3i85aPxL3VBhp64d%2FW7VxYVv0i%2BvpxMu%2BzvwmG7M%2F%2BVUSfskSlT3yGcJGABQe%2F1hahN2zl3kvkh28jOvtSgUgAn8lD2%2BxrgblrBqYwPdWug%2B9sjA7rHdeMLkY%2BwIMUeLonWMPrGi0RSJvZfvKEXzQZD6UDT51Dg8nNb9lI8fV%2BFLPJmN7kd5F0maTGsL0cz7p8srw7BDOi8UqsB%2BelfCs3V6qlp4hnReM001CH7sWk6v2w9jBqMGR4TTsgYaQnlII%2ByYYqWVu3SSXxcjEJdGvc4%2BiRtZTvQxr4HXRkelRqLzcRVswO%2FNXTrA15l4GNYd6P7bKnf6IN9iERvhRLC4OQLoEpvTfdM5fNMBChqQicPfwzF9ktWcxdrcTtO8KUh7eRXhvx%2B18MP%2FzLgC0qJVOBpL3kKBeNwNuOk45o3IVSFvmOnbZDuSNlZXHFOiPVuwP9L0j7YvHB2OKNn2rLcCRA%2F2kS0UrO%2B7gv%2Fd1IeREw5Yb2W%2BplKJyEsUsAql%2BE%2BgtF15PMkmjkNDmi88yMRboZB2X%2F7VGHIXYFqI0eqeT0UbNk5di1V8jUMbmtHii%2FBq7h9PA5SrIXrcWPClBGWw%3D%3D&nvMid=29030181590&catId=50000248
Apple 아이폰 13 512GB [LG U+],"661,080원",https://cr.shopping.naver.com/adcr.nhn?x=w3JJXCd0kqIBAX%2BlXHLmTv%2F%2F%2Fw%3D%3DsjUQ2qXbDDhfTdcHj4eJniKwKWEW8rqIbdsbJnqckj8IbsBKbbjTB%2BBCjsLv6tz%2BjFxS2NjV2vy8rvEJJdn3wD8OyrIp0IxhcORLlh3WtYgv%2BVUSfskSlT3yGcJGABQe%2F1hahN2zl3kvkh28jOvtSgUgAn8lD2%2BxrgblrBqYwPdWug%2B9sjA7rHdeMLkY%2BwIMULoBLs12Lbdpvne%2Fi0%2BJ%2FgTQZD6UDT51Dg8nNb9lI8fV%2BFLPJmN7kd5F0maTGsL0cz7p8srw7BDOi8UqsB%2BelfCs3V6qlp4hnReM001CH7sWk6v2w9jBqMGR4TTsgYaQnlII%2ByYYqWVu3SSXxcjEJdH4I6O51df8gNp5j9%2BraKRtqLzcRVswO%2FNXTrA15l4GNYd6P7bKnf6IN9iERvhRLC3D0qHpUPKMcwXSYqEKHnkGcPfwzF9ktWcxdrcTtO8KUh7eRXhvx%2B18MP%2FzLgC0qJYKpK5q5lwzsGrJbf8eT9IWjriJ8H0NV5nx9%2BVr0aUV2NIv1IwFyXR6V8o8R9aDdvSVdA1sjt%2F%2FrJAEt3%2FJO9uyOv%2B%2BG7P8zZs54SDuTec41ssBT6ecxgPKzrvM3pG9XtOYiNxe1YyILGME3g1zl2FhB0CIl3BeKsFF2drF%2B%2BsFv&nvMid=29030296586&catId=50000248
Apple 아이폰 13 프로 맥스 1TB [LG U+],"1,560,280원",https://cr.shopping.naver.com/adcr.nhn?x=BDiZeoC2JdNo4Q2vZhkEtv%2F%2F%2Fw%3D%3DsAJpCI5ZHCbs9qbF2RQUpHB3R5axszVw0I4zMHzJUqXFWQE1WikGGRjsm7ORTamZ7qLZCFGNMFgTGj7TsiPdjSIiyyk5AwM1pxOboVlNByJkEegcoxqEcXvpvAxg6hGXfCGfN8E2b9O%2BbeMIyOmHvR0Pg%2F6PYJW9LpCSumzPJoiiI9aZyW4hhCgmcrsQhWGWGdFf8cZ5fx6bhUbyduD1LEPKAXVfyDB1yTbVYYpYzcFnUHxlEatbmVq7jmztE%2FywsVYKJo5EA%2BjApf9FHYW%2BvXhQzz3qGgpH7pX7tmWlD7KIHs%2F2PHkpmvWjL2qy1nHubW9dv54TPynv1AZ2oI7a%2F8pjxM96cy8MhJiTk426K3WtKjRp2D9pkBhcJdqPQCXkT728voueL%2B8yYcdVUdj5NUY6hdhZFKDQq7jkvhJjzq7gLSv5SYzis5SVdiBAX6a8RKlG0H56J6GhRAoCVIyo%2FGYbfiYx3dBtkHHcpo4O536QZyVXP8MBx51PcdtMFtsvBK2ud1b%2BfZwYPU0n%2BzLfOdX3zv6JPZhrMWc0m0jL1rtZPwCXFJiRdosf3os3K%2FWn18oyoJb8p7CTcPrW7QlEKZ8kjqxdvbq3AwB9jVEsxQJfNjqh%2FZemCCOboDhnweAmG&nvMid=29030181587&catId=50000248
Apple 아이폰 13 프로 1TB [LG U+],"1,406,280원",https://cr.shopping.naver.com/adcr.nhn?x=%2BWqd3WmPiswCqwdxR2uRTP%2F%2F%2Fw%3D%3DsiMqq48b9i3mbReGnVir%2FZwhVoHPaSbVTrO0pqawcLhdhJz9H0Ub4KLvuVTVtNMxMzbv50jStZccmNL%2FbZLTwdPGqctIvWQSA3gldWvt1EmFUNQxod%2FNwKa4ShIzlskj%2Fr7Iqc62Ypz6tcX%2FoUEx5Gsi30QtKP1mA7BYZPpxeJLexWvZfe2todmJfmpbNrXnqXjTaYLCBU0RKnrlIKcfhorix7jXt7MNVc9AIu4EfDZlNEwRr%2B3STfYHGn%2FB5b3e4j15YmqrkJH1izJzW%2Bkex%2BAzO3dKjl0hJkT3ukMndhUkQhkkHXK4%2FmSRy5icYE%2F27BW36r4QZshREfg%2B3vq7RNm0LSsuTPJesdxlswi5atUw6JIeyjRJJG8AQSjlBThBK%2Fkpsg5AguUQPduruz0ll4SFzh%2Bv5Ai1o0IlffLsO5uEiNvEAyH7XT6ObGe95mRdUsw%2FEBFoDxdMAZ4HSpGP%2F1uUFS0XO1RwVRXhhHa%2BUvYahzDfp6Y5Zq42WobtISlGzcGB6OHGWWLxdp7xTQ1zT9mCIRD5RKaM%2FhtwENFgEe0VicchwRNwmJ84TyxvjggzFaPCKPpI6D1i1SxBHNfu4OrU09appmba6bBA23usT0OEOEsHC78VBLnFZh%2FnDobeN&nvMid=29030294586&catId=50000248
Apple 아이폰 13 mini 자급제 128GB 핑크,"911,960원",https://cr.shopping.naver.com/adcr.nhn?x=LUkFX1vcg1rlqiz%2FoHrNWP%2F%2F%2Fw%3D%3Ds4UNbXNRrk3MzS%2BXbYMELiy2Dsxu14tdPxXuL1nGpA9BhJz9H0Ub4KLvuVTVtNMxMLSlowDCj79aPpTnxDEavcfGqctIvWQSA3gldWvt1EmFUNQxod%2FNwKa4ShIzlskj%2Fr7Iqc62Ypz6tcX%2FoUEx5Gm3JzeXxkSdTecfUR4%2FvRQjd%2BKwjnmE8nmku4yNhWgwhmfLAARyRl0caaiEG3Q2bq3l3njUb1NGDJ1K332mMmYDQ%2BMQn9cirmRmZVqDKkTcUqqe08lTgUbivINHQrFwjt9ci8KTL%2BNmOPw%2BJRE9g%2FOSiublBLPqjBpyMr35wpQywnc4l4m%2BkXv5VUL1bn4A%2BhmImISle3X1TVTX1rdC77kPBz7%2BORHa%2BX777%2F5U82WuFClV6w5UIcD7iElKPt4xFA8%2B1ZwRdvhfbh63Lyv2GyFGGpC%2FCZH%2BqVPSNC41s4%2BvCWnc6%2Fam9YqxKUW5A01eN4cGR4QGq8yX6AfBifjQWRu9BBbYLgF%2FlaAuPEUA1EI7L4AtxkNjpQgh29xxXw%2BbdkytMrHWRPJuaBmvQUxYBlCMKWvEaYVp2fsrXd06Iqv8F0zZNqdkHoDc4prBr0jboEvn9Cgadr0WYx%2FfX8JG3g1HCkd2CpQ%2FahgJeoF%2FR72TuSDzST5I%2B%2FFzJGUlCxAGoIs8cIGFyrMcZMz%2B69Ghf0s1WhZ3SMHTcLlpircdRzUgq1JIslBmdxaTx7xO1%2BPPoWw%3D%3D&nvMid=29619937553&catId=50001519
Apple 아이폰 13 자급제 핑크 256GB,"1,193,100원",https://cr.shopping.naver.com/adcr.nhn?x=%2FO%2FoyyrC%2BzmqXncw9PMnIv%2F%2F%2Fw%3D%3DsQ0X8GVkpvrxGGZvpj1cIpWKsb7dQEdhTJ7UilspDYIdhJz9H0Ub4KLvuVTVtNMxMQS9cAiy4dtRUwLT05kx7hPGqctIvWQSA3gldWvt1EmFUNQxod%2FNwKa4ShIzlskj%2Fr7Iqc62Ypz6tcX%2FoUEx5Gm3JzeXxkSdTecfUR4%2FvRQjd%2BKwjnmE8nmku4yNhWgwhmfLAARyRl0caaiEG3Q2bq6UsrdZNxDQb%2BDPWNOX6jNgs%2BnXGkM%2FXvsmAB4CtvjzKE29GBb%2BbNQNUHDJnpPZAEwy%2BUtqc4Kte5rMdoAZT%2BcaiublBLPqjBpyMr35wpQywsLfkO63dYGmFORobZ%2BNssWImISle3X1TVTX1rdC77kPBz7%2BORHa%2BX777%2F5U82WuFyztzjNAekfjhGYS%2FeS%2BjIgUEU56QeBBKUteu8VJd0iGGpC%2FCZH%2BqVPSNC41s4%2BvCRuaDR2LrEXFDwvTptY5wkfj2X6%2B%2F4OEuvTzcJJ5Wv15BBbYLgF%2FlaAuPEUA1EI7Lej%2FCSXjJfJBL%2BauOUtIqrPFwJuLnwPo6FDDYua624rgSPibd%2B3ivGgP9w259gF84b5pliHLicsi8S8EtVLaOK%2BpX954xpS7fEUMYDHpcFEzL07boOLwoxL6IajskM%2BfZYY1XX0ytjOrchx1X7yEFt%2F%2FB9VTwF%2FJmmdhoz%2F4X7EloaKZHilHbuauHUigNM5KA&nvMid=29064755783&catId=50001519
아이폰 13 미니 256GB 자급제 미개봉 새상품,"810,650원",https://cr.shopping.naver.com/adcr.nhn?x=9j3huJsHpNQ2y2n%2BcJhhoP%2F%2F%2Fw%3D%3Dswsw4DzTRpdU%2FtQL4nykAktbWx7CTnfz3yuq5H8Mh1a8XfmlaZeQqomjdtI9e3qsmvJvHsIb1%2FP78EXWiqTmKGtzid09u5mP4JDS9Cguw%2FbaiVbUOaDRPpg1MAcbXSeMMrHYoNAXPtN3phSSnaBj3GtTJO8orONquYDv3WICli9sHmZR3I0lwYU2VA%2F%2Bees7P4AiqnLiWoyD9an6gm1vH8wjCqzfeINkDR3Lnzc7HEkwaUYj4rPfOCaQsvEkJf0KwQ%2BD%2Fo9glb0ukJK6bM8miKArsK1DNlYuW6vX8WB7j4SnBr2YeTSjMqG77%2Bm1qm4BDNi3x1AD9yQxqM2DnQ9IA%2FmxeDmVS9kP3MLsWL1Ykk4cuflEBIApVIFhNq0yJL4g%2BIcE7ONtcdOnPfQltEK2Z814nVlpZlOp63ers57eQ7reSKStGUVmnocLBn6P%2BePJRWa0urtk6Gz1jAPPmq0qDuR2hB0PvPhVNmcYc5mX2Apa7VUUrhu2QIGySm0rFLjCZPVe2ZXMVez3rLnSdO9sNKoYC%2FbED3GC5WQIkmmh93e6AnYKl92Q0KMe%2Be3feUXH2ARc3iliAEmJQABWdNYEOfg4SwcLvxUEucVmH%2BcOht40%3D&nvMid=30313661098&catId=50001519
아이폰 Apple 아이폰13 미니 128GB 기기값 24만원,"246,000원",https://cr.shopping.naver.com/adcr.nhn?x=vuCFin%2BBHz%2FP7ZjHIIB2Nf%2F%2F%2Fw%3D%3DshcVnos0AEno0u%2FRfBH%2F0ISzZaRRc6HVCisDRArMVLNphJz9H0Ub4KLvuVTVtNMxM5LInBzFPVOJN%2F7ZmJSSiZ%2FGqctIvWQSA3gldWvt1EmFUNQxod%2FNwKa4ShIzlskj%2Ffnq%2BUoyaXPZWjZyX%2FYYbGofsjsQob2Ne0L7w9JaI7kin0b%2F5UhxhZOSwwPJ7NL%2FBq%2BwCWpxKyY5gBvXUiP0NE%2BTcA8V81P1yKIHIPU9J8CDgnI8ifT9aQnkVQ6iRsjgBueCfFDuywxl3T1PQ6PKMjF5qtMG%2FJ0PUtQjclakIAMhtqfNm52uGfJU9Qrds12V%2F%2B7jB1VhXzkM0R6YdA6grP%2BNgv3O6kU3r0DhXT9gpYJ%2F20zXwNSkdZridLKCZUR9CmBr3q%2BROfLpCp6CYDtou3pxoz5hpgdRoU%2FU8d5SZX9RX5ZHHzVIXbxXRrCiysWKGO59AEoPaXAIrLqev%2BO%2Fj%2F0v1iOzDBwMX44W02I%2Byr1U5na5bauPHtyz9NVQZEbVy2yAam1SGRL8cwaf58mgrA48GKY8NnA621mNyvBRyVn20pLMgOB3gH6zLob6y6ecDLRaNrjUqRNWfZ1NBnFd3PmhopkeKUdu5q4dSKA0zkoA%3D&nvMid=29860284145&catId=50001519
애플 아이폰13 Pro 5G 256GB 자급제 공기계 (옵션에서 색상 선택) -iPM,"1,502,390원",https://cr.shopping.naver.com/adcr.nhn?x=sy%2F8R2eUi4%2BwPDnfa6UZgP%2F%2F%2Fw%3D%3DsYU%2F2x6WoGF%2BE3FozXqt3OAhnRJa4sviw2xyvmXp%2F%2B5NhJz9H0Ub4KLvuVTVtNMxMFJgLz69bVqp0sY%2BJFmx3qfGqctIvWQSA3gldWvt1EmFUNQxod%2FNwKa4ShIzlskj%2Fr7Iqc62Ypz6tcX%2FoUEx5GrDXn0IDLBCgN%2FK3%2BGwmqM%2BpFjjh%2FGPU%2BK9K7OXF%2BaHk0eX6N0xSuoVW6n8HgFyAb%2BMJ%2BFF0VscpnR2R89aw6o9VfCT1zgmGuHJMvqDb1R6PDlmj3prXe5H6XasmAPPryauKWQN4b7WstTXVRp4V%2Fd2Kx7G3krbJiQXzryuwwOqJrhdUaDI2Ws0eebH9z9Ff2fUxplJXu7%2BF86dGhLApYAl%2FlLnJwMa7Bt8R2%2FUDqQrCReDICsiZUlvNje%2BIWCAU3QccuzJiw%2BH6ciCJIPvD01EHc0TlVyo%2B9ALAlQVTQzK%2FRgpgzeNk2v%2FbA7fe8%2BMT6ZIpK0ZRWaehwsGfo%2F548lFTLJ4l%2F%2BqblPj9B6P%2B6DzrFYT6ObJLYuEzV8uEYK%2FpbVscddpJ3jLBBrIS6ClJnHMm%2BsbE3N729jbwgi1TkmMCi6F54T%2FIfHcwYA6dfaQnRqvtUBvfoSsQPvEM6ZWUZTosvLKOoKquSfP9S0ftV2DZs3vq1jGt9QRZ7PKokgS7fwN%2BQsjK6V0FLd%2Fybx7qcubNSE3OzZUT76KyqzckASmm&nvMid=32599159491&catId=50001519
애플 아이폰13 프로 맥스 256G 자급제 미개봉 새상품,"1,363,290원",https://cr.shopping.naver.com/adcr.nhn?x=T0p9a6JMufVXeJicnMp5kP%2F%2F%2Fw%3D%3Dsd%2BTDOsuRmvNu7aCBmqthRpwxLC73wQdS2EHBAyJdIWRWQE1WikGGRjsm7ORTamZ7xwqgdwqjJhiGXMRuJHYxf4iyyk5AwM1pxOboVlNByJkEegcoxqEcXvpvAxg6hGXfSg3WABxAsNn%2By0gaWhDx%2BizztiNeGgmURYtyCzXs5b0z1p4lD%2FOWzBWhpQe3a4uSuagK3CUdUio0X6gWp%2BZwbl6n6osQhXNSqBI9IPh2aSHuA%2BlEPAx1JpWXU6u9aJ0ybynxoBdZv2ocKjTHzk7ENbdEBDWBVw0RlzrN2KxzOREkx63w5Tb7Pcz2gZr1HMMs5ck16PYQNZ8NLernFmFIKfziKuqi6lvlwe2gIVAf2UAlXTdy6Sn%2F2yromYu89VyUSLVx8BTksgz3TwDvgDEFjntlBkA5gaMYCFgTG4yHo3R%2FlLnJwMa7Bt8R2%2FUDqQrCJakx8i1LKdZZBQIOlwqkxBXaThNCyOJrbfZIXyvB8DAHc0TlVyo%2B9ALAlQVTQzK%2Fi9VROP9p2B5QXDVG2dgqUZDc5O2nLrfx%2F8JMatBXunaDqFU3JHwE4aEGA%2Bp%2FXzbNhsPSVDQs5zptLYv92QH5eONQ4TUacbHMz2AjfvOmAquyMXfdZ6PHP7vZ5ujCKO0Wq%2B1QG9%2BhKxA%2B8QzplZRlOtHipK1SmgLt8KU8SBCkXZ1C3KqZl63rm3jY9uYXZafGA35CyMrpXQUt3%2FJvHupy5s1ITc7NlRPvorKrNyQBKaY%3D&nvMid=32485983058&catId=50001519
Apple 아이폰 13 자급제 미드나이트 128GB,"1,001,150원",https://cr.shopping.naver.com/adcr.nhn?x=SXroDceocR8zxCiZFVRW8%2F%2F%2F%2Fw%3D%3DsKr%2FYQKYG%2FvRgHyJ1%2B1QRvAa9VM0lWRCt5rqYCUVwLL9hJz9H0Ub4KLvuVTVtNMxMEpyHg%2B5T8XT07j7VZaMu%2BfGqctIvWQSA3gldWvt1EmFUNQxod%2FNwKa4ShIzlskj%2Fr7Iqc62Ypz6tcX%2FoUEx5Gm3JzeXxkSdTecfUR4%2FvRQjd%2BKwjnmE8nmku4yNhWgwhmfLAARyRl0caaiEG3Q2bq6UsrdZNxDQb%2BDPWNOX6jNgs%2BnXGkM%2FXvsmAB4CtvjzKa3nkW%2Fl241cHVWjR3Y%2B4McINeDMT5atHpnw1ICoZLZmiublBLPqjBpyMr35wpQywGNwWr4LLV2C410pGI%2FoUr2ImISle3X1TVTX1rdC77kPBz7%2BORHa%2BX777%2F5U82WuFNyUHN%2Bebwxe85nY5k4DqdlCCPrKQ0SbKthE4vMyM%2BBWGpC%2FCZH%2BqVPSNC41s4%2BvCRuaDR2LrEXFDwvTptY5wkbQ%2B6YQ1dLm6qTd2tqtNCGlBBbYLgF%2FlaAuPEUA1EI7Lej%2FCSXjJfJBL%2BauOUtIqrGflHIoqslAedlDnM1lhe4CS96fHruAsVB%2F4IY9wYk4idTMfBRHHl%2BACi0MHpr%2BIH4Nuor1EdZ91ok%2F%2BHI6p8Fk46tujWUnZherWkz5UWDwIPKVyj9z7ITKtCc%2B4r%2FABNgcTX8twiePJwu81uRRXk%2F9BA%2FdDuUWqo2BWyuxRQD%2F3QdAiJdwXirBRdnaxfvrBbw%3D%3D&nvMid=29056433547&catId=50001519
[대여] 아이폰렌탈 최신 iphone13 임대 - 30일,"82,000원",https://cr.shopping.naver.com/adcr.nhn?x=v8vbQuBp68kLwc5WpjYpaf%2F%2F%2Fw%3D%3DsJbccI1WM7n4C9Pu3V8AxIrvYmhLUlSO7Zg60fYn%2B2AZWQE1WikGGRjsm7ORTamZ7AwMVTNJFi9RWLCW9CF7B%2FIiyyk5AwM1pxOboVlNByJkEegcoxqEcXvpvAxg6hGXfCGfN8E2b9O%2BbeMIyOmHvR7uVw3GdaDAvxDSjC3cnt2Z%2F22ms%2BW8TiQQNz%2FOHMMFFaWFtFV0ggfG5aelyspyZie0WtJclSpgq8gGsHJjYbXzDpmNu2Rs3tEPrV0ZTODsbWqyaFa2xLbpwGCJChqMDqpGLy0goM%2BC9ZLTm%2FwgR9H1AAnPXPn6QF6qWt7cpLTZAK98KaIZa4VBE0V5wqYGSTpqtvsqofv92aIHMD1sZksGMHn7BDBNaqXNmoKbAeTMv%2BI7vL6huoqMPLz0nFxOQ2HMdZBIPUEo%2FodZ%2FZSfRirpDAv2zlZMTe20hJ3srJuY%2BfrlYF8fwaWOat3D1Mabg8DsTTkUvmY95w3mVsYd4xJDl8%2BWDgYTHpOCrnXkkaP96JyCs6mYcnzLMk3nrAuPflG6FQypX3q44%2Bc6Cxa%2Bjl3Ef4ipiv%2BVxIh0zv2uRt555b1NmOoRBMBsXNQGXzjfbC%2BFUQB%2FrDAzm2q1KHRsHkfE%3D&nvMid=84117362445&catId=50001519
해외아이폰 13 Pro ProMax 미국직구 정품 무음 카메라 관부가세 포함,"1,540,000원",https://cr.shopping.naver.com/adcr.nhn?x=mOJeP%2FZpF%2Bxq1HSE%2BYvzcf%2F%2F%2Fw%3D%3Dsg2eyC6%2F9qjA6aZYyZy9rreXn6ghrvlKBXsROcR%2F8MuVhJz9H0Ub4KLvuVTVtNMxMbUfxtbnH%2BaSTFQ9FYIEWo%2FGqctIvWQSA3gldWvt1EmFUNQxod%2FNwKa4ShIzlskj%2Fr7Iqc62Ypz6tcX%2FoUEx5GjaSZny%2B1MgSfJG5ocTRQNj1rIvubP2%2F%2BNF2sTRY2hEVqDdLNM1f3IlfyoLQ3NLXSRpRiPis984JpCy8SQl%2FQrBD4P%2Bj2CVvS6QkrpszyaIoCuwrUM2Vi5bq9fxYHuPhKUUINnosmSy0YKzV05dmzcYvGmf1VNCF1h5b4Xl6od906nYt0P5vFdgOY0ddt5wMGWsohxgMAhtgNEWkC1HU%2B8GB8EknobUPGPGAj6j5BU%2BC0ZxKkCk8VxpDJKumwwyjoawkcJs6vtoPIwzIwZpdJK8NN%2BkYLloKB10tcoXB9rrPBng5NxNg2vstcXTNRHes2r8dRQ4EqmsMFTRFxv1XNYqAijTig%2FKacgjkUGtEjTuCGNY0h4cKj3T1eyERMQfWcCMeV6AfR5SZojuv5gtWmLVGAPgq0q9pwTi2QjVJUsPldlHwcLTCEU%2FrMwSLjKvIBZJ2Tx5xbNyztvV5ia7eW3JvU2Y6hEEwGxc1AZfON9sL4VRAH%2BsMDObarUodGweR8Q%3D%3D&nvMid=83251553577&catId=50001519
해외아이폰13 프로 Pro Promax 홍콩 홍콩판 무음 언락폰 듀얼유심 페덱스 전세계 배송,"1,420,000원",https://cr.shopping.naver.com/adcr.nhn?x=HkYix5J0aJQW0HybuuClHv%2F%2F%2Fw%3D%3DsJ6C5EsTMZz3FF82mACP3tx3ePhhPrCslgnYtcNv8KE5hJz9H0Ub4KLvuVTVtNMxMenjuRNiq4FnJRka%2Ft%2Bq10fGqctIvWQSA3gldWvt1EmFUNQxod%2FNwKa4ShIzlskj%2Fr7Iqc62Ypz6tcX%2FoUEx5GjaSZny%2B1MgSfJG5ocTRQNj1rIvubP2%2F%2BNF2sTRY2hEVuKi1UE20QlDihBCcP%2FIWexpRiPis984JpCy8SQl%2FQrBD4P%2Bj2CVvS6QkrpszyaIoCuwrUM2Vi5bq9fxYHuPhKXHsSZmglcn8jS2rZ9ro%2Bt0GoCNxPEFE2QrGN3j43oG82HvQrG1q57G6KIPveES%2FyKIChAGQM27EiKOQSL1jSaW%2FMCCSVfcBdMPwpnGAbXG6CQ6xcCVzugu8l6h04F6xiWHT5uDENvb5cdgrq5ebcaeaItkVXLuC1EnUpOAPlpUDjGOzPPYAwbRyCp2CTQGGN%2BlrC4pVnC0tTu5tCt1Hdc38V8R76SqXnEWC689BjnC5fTfpx7cSO1E4%2Bg6gDvJae98BUafOf%2BZQ26%2BIpe2Wepj%2FaSAq21yewCnZYOBuYITuD%2B1GzYyCQAVsDO6ulMSbllHNSW3zE0rH2zR%2BdQYqEL9QqR5OMvqz1u4duuDFbol4zUKoS8vVmSqaloAdNiBOVQ4SwcLvxUEucVmH%2BcOht40%3D&nvMid=83394497319&catId=50001519
Apple 아이폰 13 자급제 블루 128GB,"1,057,300원",https://cr.shopping.naver.com/adcr.nhn?x=wAiw%2B%2F50CnplOhPOidYxb%2F%2F%2F%2Fw%3D%3DsQ3qcNjTuJ00WhW0D7DyvIAjeur1%2FebnXXRRrRSuUHK9WQE1WikGGRjsm7ORTamZ7iPcZZexsXbiL9Sb9BVfasYiyyk5AwM1pxOboVlNByJkEegcoxqEcXvpvAxg6hGXfaFuIpeyjxMKlFsq9G%2F77G3zmYN%2Fcvl75AGnByk2TjWEm5OY6%2FBA05LWPXaqTF3xXnI3Q%2FuFm111yFJnQ1iq5B6N13Zjdmb96RUIYIswoTaji1ShxDj3lM6ehtxvMu3DzQzp6WFGMY1P8mqtwW2hMLCS5yjjA6nkXqa2BwKlrFXJzCqEKVf8QaOX80XO1LbwdXIzyqln%2F0RPl3uAiF4Veu6uKWQN4b7WstTXVRp4V%2Fd2Kx7G3krbJiQXzryuwwOqJY9NJSf0HcqPLJsxdaB26BzynZcEtn4rZaUSVQkkovLR%2FlLnJwMa7Bt8R2%2FUDqQrCgM4VQteQw4NqFVING1vVk9XWskCvt2v1woytrip1v0khXHOOZMpJ80X5MRT9vzbWoZCzrTtPk%2FaPt9SkQ3hr6NDSDoXFJ3zHcMQZC8ssrjC5kp2i2MrlMGZvWbZdy%2BvHJdLga9%2FKMKW7%2FBDqaModRUrfejZ6tVvtVvNC1tYqBuHZlVYLDEJpnI8cF6CMPSIWwdMsMA1%2FHNpq8dOxxESh7Z%2FEPmHZ26LYBP%2FZWpcGHGqCqA6%2BrrPkSkQjk3bFq%2FUy&nvMid=29619782067&catId=50001519
아이폰 13 pro max 128G 자급제 미개봉 새상품,"1,245,420원",https://cr.shopping.naver.com/adcr.nhn?x=0zBeXt5f9QH36Tbgkl%2Fi0%2F%2F%2F%2Fw%3D%3Ds%2BIuiE93VjWYMu3njpoZZ5t3Cjou80RW5ffAZZGn0Ht0bsBKbbjTB%2BBCjsLv6tz%2BjhQYu9N%2F6lB2Hk2Fiqs%2B0dkvrPVtYx1ugSrhRqmfnwGr%2BVUSfskSlT3yGcJGABQe%2FLBTSWAO49d6RA2270ZGYoi8ffQLw1x%2F8Lf5s6Y8TBIHXkj%2BZW%2F1lJfgqvRvZaBhRRVH14VBYcN0RRykzxO8ViHooDPtG5UiV%2Fk2dzUZH3kMhBpaJr1xM8NzrqHRT%2FUAZYiYhKV7dfVNVNfWt0LvuQ8HPv45Edr5fvvv%2FlTzZa4VEOnKSk6pZmBmpZwGZXBENBE3ot4nlr%2B4nlIOSry4OGFd%2BqILAG09hjAR1K3qLYkBcw66s41WiX5Gv5ms1dzE%2BwyFpKuqOZkMS8ICcY%2FpWTVFfYAQmtmEw%2FTpJZffad%2BlorStslDN3jHesAiDnnjVvdI1GoAhXnhZtCyI%2F7l%2FvEuWtYloQCzIHEH9XJN9CyJI70D1T5Utrt4XQml1KTdgBuGEHl0RhvqahE3p4tKGgDeYQsU7TtARBhTKL6TvT1FMEbqFaj33w1q0oyQTikt0fZNVWN7iQQxovkxdYfpGDDgN%2BQsjK6V0FLd%2Fybx7qcubNSE3OzZUT76KyqzckASmm&nvMid=30313667159&catId=50001519
